title,developer,publisher,release_date,mode
title,developer,publisher,release_date,mode
Kinetic Void,Badland Studio,Badland Studio,No data,Singleplayer
Valiant Hearts: The Great War,Ubisoft Montpellier,Ubisoft,No data,Single-player
Transformers: Rise of the Dark Spark,"Edge of Reality
WayForward Technologies (Nintendo 3DS)",Activision,No data,"Single-player, multiplayer"
Wasteland 2,inXile Entertainment,inXile Entertainment,No data,Single-player
Duke Nukem: Manhattan Project,"Sunstorm Interactive (Microsoft Windows)
3D Realms (Xbox Live Arcade)","NA Arush Entertainment
EU Ubisoft

Apogee Software (GOG.com)
Microsoft Game Studios (Xbox Live Arcade) Interceptor Entertainment (Steam platform/Greenman Gaming/Desura)
Steam [1]",No data,Single-player
Fable,"Big Blue Box (Original)
Lionhead Studios (Lost Chapters/Anniversary)
Robosoft Technologies (Mac OS X)","Microsoft Game Studios
Feral Interactive (Mac OS X)",No data,Single player
Kingdom Hearts HD 2.5 Remix,Square Enix 1st Production Department[1],Square Enix,No data,Single-player
Broken Sword 5: The Serpent's Curse,Revolution Software,Revolution Software,No data,Single-player
Guild01,"Level-5
Grasshopper Manufacture (Liberation Maiden)
Vivarium Inc. (Aero Porter)
Nex Entertainment (Weapon Shop de Omasse, Crimson Shroud)[8]",Level-5,No data,No data
Guild02,"Level-5
Grasshopper Manufacture (Liberation Maiden)
Vivarium Inc. (Aero Porter)
Nex Entertainment (Weapon Shop de Omasse, Crimson Shroud)[8]",Level-5,No data,No data
Hunt: Horrors of the Gilded Age,Crytek Frankfurt,Crytek,No data,"Single-player, multiplayer"
Football Manager 2015,Sports Interactive,Sega,No data,No data
Gauntlet,Arrowhead Game Studios,Warner Bros. Interactive Entertainment,No data,"Single-player, multiplayer"
TowerFall,Matt Thorson,No data,No data,"Single-player, multiplayer"
The Banner Saga,Stoic,No data,No data,Single-player and multiplayer
This War of Mine,11 bit studios,11 bit studios,No data,No data
Drakengard 3,Access Games[1],Square Enix,No data,Single-player
Sid Meier's Civilization V,Firaxis Games,2K Games & Aspyr,No data,"Single-player, multiplayer"
Borderlands: The Pre-Sequel!,"2K Australia
Gearbox Software",2K Games,No data,"Single-player, multiplayer, co-op"
NASCAR 14,Eutechnyx,Deep Silver,No data,"Single player, multiplayer"
Sword Art Online: Hollow Fragment,Bandai Namco Games,Bandai Namco Games,No data,"Single-player, Multiplayer"
F1 2014,Codemasters Birmingham,Codemasters,No data,"Microsoft Windows
PlayStation 3
Xbox 360"
Daylight,Zombie Studios,Atlus[1],No data,Single-player
Killer Is Dead,Grasshopper Manufacture,"JP Kadokawa Shoten
NA Xseed Games
PAL Deep Silver",No data,Single-player
Exogenesis: Perils of Rebirth,Kwan,Kwan,No data,Single-player
Awesomenauts,"Ronimo Games
Abstraction Games (PS4)[1]",dtp Entertainment,No data,"Single-player, multiplayer"
ArcheAge,XL Games,"Tencent Games (China)
Trion Worlds (NA, Europe, Australia, NZ)
Mail.ru (Russia)",No data,Multiplayer
Final Fantasy IV,"Square Enix
Matrix Software",Square Enix,No data,"Single-player, multiplayer"
Captain Toad: Treasure Tracker,Nintendo EAD Tokyo,Nintendo,No data,Single-player
FTL: Faster Than Light,Subset Games,No data,No data,Single-player
Banished,Shining Rock Software,No data,No data,Single-player
Runemaster,Paradox Development Studio,Paradox Interactive,No data,Single player
Race the Sun,Flippfly,No data,No data,Single-player
Armikrog,Pencil Test Studios,Pencil Test Studios,No data,Single-player
The Room,Fireproof Games,Fireproof Studios,No data,Single-player
Devil's Third,"Valhalla Game Studios
Nintendo SPD",Nintendo,No data,"Single-player, multiplayer"
Divekick,"One True Game Studios
Iron Galaxy Studios","Iron Galaxy Studios
Square-Enix (Japan)[1]",No data,"Single-player, multiplayer"
Ori and the Blind Forest,Moon Studios,Microsoft Studios,No data,Single-player
BioShock Infinite,Irrational Games[a],2K Games,No data,Single-player
Lego Ninjago: Nindroids,"Hellbent Games
Traveller's Tales","TT Games
Warner Bros. Interactive Entertainment
The Lego Group",No data,Single-player
The Amazing Spider-Man 2,"Beenox
High Voltage Software (3DS)
Gameloft (iOS, Android)",Activision,No data,Single-player
Worms Battlegrounds,Team17,Team17,No data,"Single-player, Multiplayer"
Lone Survivor,Superflat Games,"Superflat Games
Curve Studios (Director's Cut)",No data,Single-player
Rocksmith 2014,Ubisoft San Francisco [1],Ubisoft,No data,No data
Scivelation,Black Wing Foundation,TopWare Interactive,No data,Single-player
Tomb Raider,"Crystal Dynamics

Additional work by:

Eidos Montreal (multiplayer)
Nixxes Software BV (PC, PS4)[1]
United Front Games (XB1)[1]
Feral Interactive (OS X)[2]","Square Enix
Feral Interactive (OS X)",No data,"Single-player, multiplayer"
Disney Infinity: Marvel Super Heroes,"Avalanche Software

Additional work by:

Studio Gobo[1] (Guardians of the Galaxy Playset)
Ninja Theory[2][3][4]","Disney Interactive Studios
Bandai Namco Games (Japan)
Microsoft Studios (Windows, Xbox 360, Xbox One)",No data,"Single-player, multiplayer2"
Borderlands 2,"Gearbox Software
Aspyr Media (OS X, Linux)
Iron Galaxy Studios (PlayStation Vita)",2K Games,No data,"Single-player, multiplayer, co-op"
Swords & Soldiers,"Ronimo Games (PC, Mac, Wii, PS3)
Two Tribes (Wii U, iOS)","Ronimo Games (PC, Mac, Wii, PS3)
Chillingo (iOS)",No data,"Single-player, multiplayer"
Spelunky,"Derek Yu
Andy Hull
Blitworks (PS3, PS Vita, PS4[1])",Mossmouth,No data,"Single-player, local co-op (enhanced version only)"
The Witcher 2: Assassins of Kings,CD Projekt RED,"POL cdp.pl
NA Atari, Inc
PAL Bandai Namco Games
JP CyberFront
Enhanced Edition
NA WB Games[1]
PAL Bandai Namco Games[2]
JP CyberFront (PC)
JP Spike Chunsoft (X360)",No data,Single-player
Hotline Miami 2: Wrong Number,Dennaton Games,Devolver Digital,No data,Single-player
Tony Hawk's Pro Skater,"Neversoft (PS1)
Edge of Reality (N64)
Natsume (GBC)
Treyarch (DC)
IdeaWorks3D (NGE)","Activision (PS1, N64 & GBC)
Crave Entertainment (DC)
Nokia (NGE)",No data,"Single-player, multiplayer"
Final Fantasy VI,"Square (SNES)
Tose (PS & GBA)","SNES
Square
PlayStation

JP Square
NA Square Electronic Arts
EU Sony Computer Entertainment

Game Boy Advance

JP Square Enix
NA Nintendo
EU Nintendo",No data,"Single-player, multiplayer"
Final Fantasy VI,"Square (SNES)
Tose (PS & GBA)","SNES
Square
PlayStation

JP Square
NA Square Electronic Arts
EU Sony Computer Entertainment

Game Boy Advance

JP Square Enix
NA Nintendo
EU Nintendo",No data,"Single-player, multiplayer"
Demon Gaze,"Kadokawa Games
Experience Inc.","JP Kadokawa Games
EU / NA NIS America[1][2]",No data,No data
Stronghold Crusader II,Firefly Studios,Firefly Studios,No data,"Single-player, multiplayer"
Dynasty Warriors 8,Omega Force,Tecmo Koei,No data,"Single-player, Multiplayer, co-op"
Rayman Legends,Ubisoft Montpellier,Ubisoft,No data,"Single-player, co-op"
Akiba's Trip: Undead & Undressed,Acquire,"JP Acquire
NA Xseed Games
EU NIS America",No data,Single-player
Watch Dogs,Ubisoft Montreal[a],Ubisoft,No data,"Single-player, multiplayer"
South Park: The Stick of Truth,"Obsidian Entertainment
South Park Digital Studios",Ubisoft,No data,Single-player
Tales of Hearts,"Namco Tales Studio (DS)
Bandai Namco Studios, 7th Chord (PSV)","Namco Bandai
Bandai Namco Games (PSV)",No data,Single-player
Total War: Rome II,The Creative Assembly,Sega,No data,"Single-player, multiplayer"
F1 2013,"Codemasters Birmingham
Feral Interactive (Mac OS X)[1]","Codemasters
Feral Interactive (Mac OS X)
Namco Bandai (Console version, UK only)[2]",No data,"Single-player, multiplayer"
EverQuest Next,Sony Online Entertainment,Sony Online Entertainment,No data,No data
Yoshi's New Island,Arzest,Nintendo,No data,"Single-player, multiplayer"
Theatrhythm Final Fantasy: Curtain Call,Square Enix 1st Production Department,Square Enix,No data,"Single-player, multiplayer"
Inazuma Eleven,Level-5,"JP Level-5


NA Level-5


PAL Nintendo",No data,"Single-player, multiplayer"
Professor Layton vs. Phoenix Wright: Ace Attorney,"Level-5
Capcom","Level-5[1]
Nintendo (PAL/NA)",No data,Single-player
Might & Magic X: Legacy,Limbic Entertainment,Ubisoft,No data,Single-player
Bravely Default,"Silicon Studio
Square Enix","JP Square Enix


NA / PAL / KOR Nintendo",No data,Single-player
Class of Heroes,"Acquire, Zero Div","JP Acquire
NA Atlus",No data,Single-player
Pinball FX 2,Zen Studios,Microsoft Game Studios,No data,"Single-player, multiplayer"
Styx: Master of Shadows,Cyanide,Focus Home Interactive,No data,Single-player
Grand Theft Auto: San Andreas,Rockstar North,"WW Rockstar Games


JP Capcom",No data,"Single-player, multiplayer"
San Andreas,Rockstar North,"WW Rockstar Games


JP Capcom",No data,"Single-player, multiplayer"
Hyrule Warriors,"Omega Force, Team Ninja","JP Koei Tecmo
NA / PAL Nintendo",No data,"Single-player, multiplayer"
Luftrausers,Vlambeer,Devolver Digital,No data,Single-player
Driveclub,Evolution Studios,Sony Computer Entertainment,No data,"Single-player, online multiplayer"
PixelJunk Shooter,"Q-Games
Double Eleven","JP Q-Games
NA SCEA
PAL SCEE",No data,"Single-player, cooperative multiplayer"
The Witness,"Thekla, Inc.","Thekla, Inc.[1]",No data,Single-player
Dawngate,Waystone Games,Electronic Arts,No data,Multiplayer
Diablo III,Blizzard Entertainment,"Blizzard Entertainment

JP Square Enix",No data,"Single-player, multiplayer"
Terraria,"Re-Logic
Engine Software (consoles)
Codeglue (mobile)","Re-Logic
505 Games
Spike Chunsoft (Japan)",No data,"Single-player, multiplayer"
Slender: The Arrival,Blue Isle Studios,"Blue Isle Studios
Midnight City (Consoles)",No data,Single-player
htoL#NiQ,Nippon Ichi Software,Nippon Ichi Software,No data,No data
Outland,Housemarque,Ubisoft,No data,"Single-player, multiplayer"
Plants vs. Zombies: Garden Warfare,PopCap Games,Electronic Arts,No data,Multiplayer
Deus Ex: The Fall,"Eidos Montreal
N-Fusion Interactive",Square Enix,No data,Single-player
Alien: Isolation,The Creative Assembly,Sega,No data,Single-player
Angry Birds Stella,Rovio Entertainment,Rovio Entertainment,No data,Single-player
Donkey Kong Country: Tropical Freeze,"Retro Studios,
Monster Games,
Nintendo SPD",Nintendo,No data,"Single-player, multiplayer"
Poptropica,Jeff Kinney Group,Family Education Network,No data,Single and multiplayer
"Modern Combat:
Sandstorm",Gameloft,Gameloft,No data,"Single player, Multiplayer"
Grid Autosport,Codemasters,Codemasters,No data,"Single-player, multiplayer"
Samurai Warriors 4,Omega Force,Tecmo Koei,No data,"Single-player, Multiplayer"
Halo: The Master Chief Collection,"343 Industries
Bungie

Additional work by:

Saber Interactive
Certain Affinity
Ruffian Games",Microsoft Studios,No data,"Single-player
Multiplayer"
Sid Meier's Civilization Revolution 2,Firaxis Games,2K Games,No data,"Single-player, multiplayer"
MotoGP 14,Milestone S.r.l.,"EU Milestone S.r.l.
NA Bandai Namco Games",No data,"Single-player, multiplayer"
Don Bradman Cricket 14,Big Ant Studios,Tru Blu Entertainment,No data,"Single-player, Multiplayer"
Tales from Space: Mutant Blobs Attack,Drinkbox Studios,No data,No data,Single-player
TowerFall,Matt Thorson,No data,No data,"Single-player, multiplayer"
Bound by Flame,Spiders,Focus Home Interactive,No data,Single-player
Assassin's Creed III: Liberation,"Ubisoft Sofia[1]
Ubisoft Milan[2]",Ubisoft,No data,"Single-player, multiplayer[1]"
Thomas Was Alone,"Mike Bithell (PC)
Bossa Studios (iOS, Android)
Curve Studios (PS3, PS4, Wii U, Xbox One, Vita)","Mike Bithell (PC)
Bossa Studios (iOS, Android)
Curve Studios (PS3, PS4, Wii U, Xbox One, Vita)",No data,Single-player
Record of Agarest War 2,"Idea Factory
Red Entertainment
Laughing Jackal (PC)","JP Compile Heart
NA Aksys Games
EU Ghostlight",No data,Single-player
Escape Goat,MagicalTimeBean,MagicalTimeBean,No data,No data
Tales of Symphonia Chronicles,"Namco Bandai Games
tri-Crescendo[1]",Namco Bandai Games,No data,Single-player Multi-player
Basement Crawl,Bloober Team,Bloober Team,No data,"Singleplayer, Multiplayer"
Unrest,Pyrodactyl Games,Kiss LTD,No data,Single-player
Need for Speed Rivals,"Ghost Games

Additional work by:

Criterion Games[1]
Ghost Games UK[2]
EA Vancouver",Electronic Arts,No data,"Single-player, multiplayer"
How to Survive,EKO Software,505 Games,No data,Single-player
Warriors Orochi 3,Omega Force,Tecmo Koei,No data,"Single-player, Multiplayer"
Alone in the Dark: Illumination,Pure FPS,Atari,No data,Multi-player
Harvest Moon: The Lost Valley,Natsume,Natsume,No data,Single-player
Lego Marvel Super Heroes,TT Games,"Warner Bros. Interactive Entertainment
Feral Interactive (OS X) [1]",No data,"Single-player, multiplayer"
The Walking Dead,Telltale Games,"Telltale Games
Sony Computer Entertainment (Vita)",No data,Single-player
Disgaea 4: A Promise Unforgotten,Nippon Ichi Software,"JP Nippon Ichi Software
WW NIS America",No data,Single-player
Escape Dead Island,Fatshark,Deep Silver,No data,No data
Haunted House,"Atari, Inc.","Atari, Inc.",No data,Single player
Diablo III: Reaper of Souls,Blizzard Entertainment,"Blizzard Entertainment

JP Square Enix",No data,"Single-player, multiplayer"
Tesla Effect: A Tex Murphy Adventure,Big Finish Games,Atlus,No data,Single-player
Infamous Second Son,Sucker Punch Productions,Sony Computer Entertainment,No data,Single-player
Trials Fusion,"RedLynx
Ubisoft Shanghai
Ubisoft Ukraine",Ubisoft,No data,"Single-player, Multiplayer"
Ragnarok Odyssey,Game Arts,"GungHo Online Entertainment

NA Marvelous USA[1]",No data,"Single-player, multiplayer, online multiplayer"
Moebius: Empire Rising,Pinkerton Road Studio,Phoenix Online Publishing,No data,Single-player
Final Fantasy XIV: A Realm Reborn,Square Enix,"Square Enix
CN Shanda Games
KOR Actoz Soft",No data,Multiplayer
Forza Horizon 2,"Playground Games (XBO)
Sumo Digital (X360)
Turn 10 Studios",Microsoft Studios,No data,"Single-player, multiplayer"
Dead State,DoubleBear Productions,No data,No data,No data
Skylanders: Trap Team,"Toys for Bob

Additional work by:

Beenox[1] (Wii U, PS4, XOne, 3DS)
Vicarious Visions (iOS, Android, Fire OS)",Activision,No data,"Single-player
Cooperative multiplayer
Competitive PvP
Online multiplayer"
Phoenix Wright: Ace Attorney,Capcom,"Capcom, Nintendo Australia",No data,Single player
Disney Magical World,"h.a.n.d.
Bandai Namco Games","JP Bandai Namco Games
WW Nintendo",No data,No data
Project Spark,"Team Dakota
SkyBox Labs",Microsoft Studios,No data,"Single player, multiplayer"
Grand Theft Auto V,Rockstar North[a],Rockstar Games,No data,"Single-player, multiplayer"
Mercenary Kings,Tribute Games,Tribute Games,No data,"Single-player, Multiplayer"
Wolfenstein: The New Order,MachineGames,Bethesda Softworks,No data,Single-player
BlazBlue: Chrono Phantasma,Arc System Works,"JP Arc System Works
NA Aksys Games",No data,"Single-player, multiplayer"
Vib-Ribbon,NanaOn-Sha,Sony Computer Entertainment,No data,Single-player
Tropico 5,Haemimont Games,Kalypso Media,No data,"Single-player, multiplayer"
Child of Light,"Ubisoft Montreal
Ubisoft Massive
Ubisoft Romania",Ubisoft,No data,"Single-player, multiplayer"
War of the Vikings,Fatshark,Paradox Interactive,No data,Multiplayer
The Wolf Among Us,Telltale Games,Telltale Games,No data,Single-player
Satellite Reign,5 Lives Studios,No data,No data,Single-player
Goat Simulator,"Coffee Stain Studios
Double Eleven (Xbox One version)[1]",No data,No data,"Single-player, Local multiplayer"
Football Manager 2014,Sports Interactive,Sega,No data,No data
Enemy Front,CI Games,Bandai Namco Games,No data,"Single-player, multiplayer"
WWE 2K15,"Visual Concepts
Yuke's",2K Sports,No data,"Single player
Multiplayer"
Surgeon Simulator 2013,Bossa Studios,Bossa Studios,No data,Single-player
NHL 15,EA Canada,EA Sports,No data,"Single-player, Multiplayer, Online multiplayer"
Galak-Z: The Dimensional,17-BIT,17-BIT,No data,Single-player
Halo: Spartan Assault,"343 Industries
Vanguard Entertainment",Microsoft Studios,No data,Single-player
One Piece: Unlimited World Red,Ganbarion,Bandai Namco Games,No data,"Single Player
Multi Player"
Forza Motorsport 5,Turn 10 Studios,Microsoft Studios,No data,"Single-player, split-screen, online multiplayer"
Far Cry 4,"Ubisoft Montreal

Additional work by:

Ubisoft Kiev
Ubisoft Red Storm
Ubisoft Shanghai
Ubisoft Toronto",Ubisoft,No data,"Single-player, multiplayer"
Sid Meier's Civilization: Beyond Earth,Firaxis Games,2K Games,No data,"Single-player
Multiplayer"
NAtURAL DOCtRINE,Kadokawa Games,"JP Kadokawa Games
NA NIS America",No data,No data
Steel Diver,"Nintendo EAD Group No. 5
Vitei",Nintendo,No data,"Single-player, multiplayer"
Steel Diver: Sub Wars,"Nintendo EAD Group No. 5
Vitei",Nintendo,No data,"Single-player, multiplayer"
Rise of Incarnates,Bandai Namco Games,Bandai Namco Games,No data,Multiplayer
Baldur's Gate: Enhanced Edition,Overhaul Games,Atari,No data,"Single-player, multiplayer"
Smite,Hi-Rez Studios[1],"Hi-Rez Studios (WW)[1]
Tencent Holdings Ltd. (CH)[2]
Level Up! Games (LA)[3]",No data,Multiplayer[1]
Octodad: Dadliest Catch,"Young Horses, Inc.","Young Horses, Inc.",No data,"Single-player, co-op"
Just Dance 2015,"Ubisoft Paris
Ubisoft Milan
Ubisoft Reflections
Ubisoft Pune",Ubisoft,No data,No data
Rhythm Thief & the Emperor’s Treasure,"Sega
Xeen",Sega,No data,"Single player, Multiplayer (2 players)"
Never Alone,"Upper One Games, E-Line Media",E-Line Media,No data,"Single-player, cooperative"
BlayzBloo: Clone Phantasma,Arc System Works,Arc System Works,No data,"Single-player, Multiplayer"
Murdered: Soul Suspect,Airtight Games,Square Enix,No data,Single-player
Warface,Crytek Kiev,"CH Tencent Holdings
SK Tencent Holdings
TW Tencent Holdings
CIS Mail.Ru
NA Trion Worlds
EU Trion Worlds
AU Trion Worlds
NZ Trion Worlds
SK Nexon
WW Microsoft Studios (X360)",No data,"Co-op, multiplayer"
Persona Q: Shadow of the Labyrinth,Atlus,"JP/NA Atlus


KOR Nintendo


PAL NIS America",No data,Single-player
Project CARS,Slightly Mad Studios,Slightly Mad Studios,No data,"Single-player, multiplayer"
Guacamelee!,Drinkbox Studios,"Drinkbox Studios,
Activision (Xbox 360)[1]",No data,"Single-player, co-op"
The Last of Us,Naughty Dog,Sony Computer Entertainment,No data,"Single-player, multiplayer"
Soul Saga: Episode 1,Disastercake,No data,No data,Single player
Strider,"Double Helix Games
Capcom Osaka studio[1]",Capcom,No data,Single-player
Fract OSC,Phosfiend Systems,No data,No data,Single player
Pac-Man and the Ghostly Adventures 2,"Monkey Bar Games,
Bandai Namco Studios",Bandai Namco Games,No data,"Single-player, multiplayer"
Age of Wonders III,Triumph Studios,Triumph Studios,No data,"Single-player, multiplayer"
Tenkai Knights: Brave Battle,Bandai Namco Games,Bandai Namco Games,No data,"Single-player, multiplayer"
Among the Sleep,Krillbite Studios,No data,No data,Single-player
Rabbids Invasion: The Interactive TV Show,"Ubisoft Barcelona

Additional work by:

Ubisoft Paris
Ubisoft Casablanca",Ubisoft,No data,"Single-player, multiplayer"
Kung Fu Rabbit,cTools Studio,Bulkypix,No data,No data
The Evil Within,Tango Gameworks,Bethesda Softworks,No data,Single-player
Gone Home,The Fullbright Company,Midnight City (Wii U)[1],No data,Single-player
Sacred 3,Keen Games[1],Deep Silver,No data,"Single-player, Multiplayer"
Guilty Gear Xrd,Arc System Works Team Red,"Arcade
Sega
PlayStation 3, PlayStation 4

JP Arc System Works
NA Aksys Games",No data,"Single-player
Multiplayer"
Planetary Annihilation,Uber Entertainment,Uber Entertainment,No data,No data
JoJo's Bizarre Adventure: All Star Battle,CyberConnect2,Namco Bandai Games,No data,"Single-player, multiplayer"
1001 Spikes,Nicalis,Nicalis,No data,"Single-player, multiplayer"
NBA Live 15,EA Tiburon,Electronic Arts,No data,"Single-player, multiplayer"
Super Time Force,Capybara Games,No data,No data,Single-player
Castle of Illusion Starring Mickey Mouse,"Sega Studios Australia
Feral Interactive (OS X)[1]","Sega
Disney Interactive Studios
Feral Interactive (OS X)",No data,Single player
Deception IV: Blood Ties,Tecmo Koei,Tecmo Koei,No data,Single-player
Lego Batman 3: Beyond Gotham,Traveller's Tales,Warner Bros. Interactive Entertainment,No data,No data
Don't Starve (video game),Klei Entertainment,No data,No data,Single-player
Pac-Man Museum,Bandai Namco Games,Bandai Namco Games,No data,No data
Geometry Wars,Bizarre Creations,Microsoft Game Studios,No data,Single player
Quadrilateral Cowboy,Blendo Games,No data,No data,Single-player
The Golf Club,HB Studios,HB Studios,No data,"Single-player, Multiplayer"
H1Z1,Sony Online Entertainment,Sony Online Entertainment,No data,No data
Dragon Ball Z: Battle of Z,Artdink,Bandai Namco Games,No data,"Single player
Multiplayer
Online multiplayer"
Happy Wars,Toylogic,Microsoft Studios,No data,"Single-player, multiplayer"
Peggle 2,PopCap Games,Electronic Arts,No data,"Single-player, multiplayer"
Castlevania: Lords of Shadow 2,MercurySteam,Konami,No data,Single-player
Hyper Light Drifter,Heart Machine,No data,No data,Single-player
Unreal Tournament,Epic Games,No data,No data,No data
Arcana Heart 3,Examu,"Examu (Arcade)
Arc System Works (Console Versions)

NA Aksys Games


EU Zen United, NIS America (LOVE MAX!!!!! version)",No data,Up to 2 players simultaneously
2014 FIFA World Cup Brazil,EA Canada,EA Sports,No data,"Single-player, Multiplayer"
Killer Instinct,"Double Helix Games[1][2]
Iron Galaxy Studios[3]
Rare Ltd.[4]
Microsoft Studios[5][6]",Microsoft Studios,No data,"Single-player, multiplayer"
Conception II: Children of the Seven Stars,Spike Chunsoft[1],"JP Spike Chunsoft
NA Atlus[1]
EU Atlus[2]",No data,Single-player
Colin McRae Rally series,"Codemasters, Ideaworks Game Studio (N-Gage version)
Feral Interactive (Mac OS X)","Codemasters
Feral Interactive (Mac OS X)",No data,No data
Tales of Xillia 2,Bandai Namco Games,Bandai Namco Games,No data,"Single player, co-op multiplayer"
Final Fantasy XIII,Square Enix,Square Enix,No data,Single-player
Ryse: Son of Rome,Crytek Frankfurt,"Microsoft Studios (Xbox One)
Crytek (PC digital)
Deep Silver (PC retail)",No data,"Single-player, multiplayer"
Ace Combat Infinity,Namco,Bandai Namco Games,No data,"Single-player, multiplayer"
Story of Seasons,Marvelous AQL,"JP Marvelous AQL
NA Xseed Games",No data,Single-player
Shadows: Heretic Kingdoms,Games Farm,bitComposer Games,No data,No data
"Sir, You Are Being Hunted",Big Robot,No data,No data,Single-player
NBA 2K15,Visual Concepts,2K Sports,No data,"Single-player, multiplayer"
"Sonic Boom: Rise of Lyric
Sonic Boom: Shattered Crystal","Big Red Button Entertainment (Wii U)
Sanzaru Games (3DS)",Sega,No data,No data
Starbound,Chucklefish Games,Chucklefish Games,No data,"Single-player, multiplayer"
Sherlock Holmes: Crimes and Punishments,Frogwares,Focus Home Interactive,No data,Single-player
Entwined,Pixelopus,Sony Computer Entertainment,No data,Single-player
Minecraft,"Mojang
4J Studios (console versions[1])","Mojang (PC, Mobile)
Microsoft Studios (Xbox 360, Xbox One, Windows Phone)
Sony Computer Entertainment (PS3, PS4, PS Vita)",No data,"Single-player, multiplayer"
Minecraft,"Mojang
4J Studios (console versions[1])","Mojang (PC, Mobile)
Microsoft Studios (Xbox 360, Xbox One, Windows Phone)
Sony Computer Entertainment (PS3, PS4, PS Vita)",No data,"Single-player, multiplayer"
The Unfinished Swan,"Giant Sparrow
SCE Santa Monica Studio",Sony Computer Entertainment,No data,Single-player
One Piece: Romance Dawn,Three Rings[1],Namco Bandai Games,No data,Single Player
KickBeat,Zen Studios,"Zen Studios
SCEA",No data,"Single-player, multiplayer"
Transistor,Supergiant Games,Supergiant Games,No data,Single-player
Yaiba: Ninja Gaiden Z,"Team Ninja
Spark Unlimited
Comcept",Tecmo Koei,No data,Single-player
Secrets of Rætikon,Broken Rules,Broken Rules,No data,Single-player
Futuridium EP Deluxe,MixedBag,MixedBag,No data,Single-player
Earth Defense Force 2025,Sandlot,D3 Publisher,No data,"Single-player, multiplayer"
The Legend of Korra,Platinum Games,Activision,No data,Single-player
Mario Golf: World Tour,Camelot Software Planning,Nintendo,No data,"Single-player
Multiplayer"
World of Tanks: Xbox 360 Edition,Wargaming West,No data,No data,Multiplayer
Godus,22Cans,22Cans,No data,No data
Gravity Crash,Just Add Water Ltd.,Sony Computer Entertainment,No data,"Single-player, multiplayer"
Fez,Polytron Corporation,"Microsoft Studios
Polytron Corporation
Trapdoor",No data,Single-player
Toxikk,Reakktor,No data,No data,No data
"Hatsune Miku: Project DIVA ƒ
Hatsune Miku: Project DIVA F","Sega
Crypton Future Media",Sega,No data,Single-player
Nihilumbra,BeautiFun Games,No data,No data,Single-player
Infamous Second Son,Sucker Punch Productions,Sony Computer Entertainment,No data,Single-player
Sniper Elite III,Rebellion Oxford,"505 Games
Rebellion Developments (PC version)",No data,"Single-player, multiplayer, co-op"
The Walking Dead: Season Two,Telltale Games,Telltale Games,No data,Single-player
Sunset Overdrive,Insomniac Games,Microsoft Studios,No data,"Single-player, co-operative"
The Witch and the Hundred Knight,Nippon Ichi Software,NIS America,No data,Single-player
Assassin's Creed IV: Black Flag,"Ubisoft Montreal

Additional work by:

Ubisoft Annecy
Ubisoft Bucharest
Ubisoft Kiev
Ubisoft Milan
Ubisoft Montpellier
Ubisoft Quebec
Ubisoft Singapore
Ubisoft Sofia",Ubisoft,No data,"Single-player, multiplayer[13]"
Elite: Dangerous,Frontier Developments,No data,No data,"Single-player,[10] Multiplayer"
PixelJunk Shooter 2,"Q-Games
Double Eleven","JP Q-Games
NA SCEA
PAL SCEE",No data,"Single-player, Cooperative Multiplayer, Competitive Multiplayer"
Hyperdimension Neptunia,"Idea Factory
Compile Heart
Felistella (PS Vita)","JP Compile Heart
NA NIS America
EU Tecmo Koei[1]


NA Idea Factory International (PS Vita)",No data,Single-player
Hitman: Absolution,IO Interactive,Square Enix,No data,"Single-player, multiplayer"
Castlevania: Lords of Shadow – Mirror of Fate,MercurySteam,Konami,No data,Single-player
Tomodachi Life,Nintendo SPD,Nintendo,No data,Single-player
Tales from the Borderlands,"Telltale Games

Additional work by:

Gearbox Software",Telltale Games,No data,Single-player
Legend of Grimrock,Almost Human Ltd.,Almost Human Ltd.,No data,Single-player
Loadout,Edge of Reality,Edge of Reality,No data,Multi-player
RollerCoaster Tycoon 4 Mobile,On5 Games,"Atari, Inc.",No data,Single-player
Deus Ex: Human Revolution,Eidos Montreal,Square Enix,No data,Single-player
Shovel Knight,Yacht Club Games,Yacht Club Games,No data,"Single-player, multiplayer"
The Sims 4,"EA Maxis
The Sims Studio",Electronic Arts,No data,Single-player
D4: Dark Dreams Don't Die,Access Games,Microsoft Studios,No data,Single-player[2]
"Super Smash Bros. for Nintendo 3DS
Super Smash Bros. for Wii U","Sora Ltd.[2]
Bandai Namco Games",Nintendo,No data,"Single-player
Multiplayer"
Persona 4 Arena Ultimax,"Arc System Works,
Atlus","Atlus

EU Sega",No data,No data
Monster Hunter Freedom Unite,Capcom,Capcom,No data,"Single-player, multiplayer"
"Super Smash Bros. for Nintendo 3DS
Super Smash Bros. for Wii U","Sora Ltd.[2]
Bandai Namco Games",Nintendo,No data,"Single-player
Multiplayer"
Hearthstone: Heroes of Warcraft,Blizzard Entertainment,Blizzard Entertainment,No data,No data
Fable,"Big Blue Box (Original)
Lionhead Studios (Lost Chapters/Anniversary)
Robosoft Technologies (Mac OS X)","Microsoft Game Studios
Feral Interactive (Mac OS X)",No data,Single player
Just Dance Now,"Ubisoft Massive
Ubisoft Milan",Ubisoft,No data,"Single-player, Multiplayer"
BioShock Infinite: Burial at Sea,Irrational Games,2K Games,No data,Single-player
Assassin's Creed Rogue,Ubisoft Sofia,Ubisoft,No data,Single-player
Call of Duty: Advanced Warfare,"Sledgehammer Games (PC, PS4 and Xbox One)
High Moon Studios (PS3 and Xbox 360)
Raven Software[1] (Multiplayer)","Activision
Square Enix (Japan)",No data,"Single-player
Multiplayer"
Double Dragon Neon,"WayForward Technologies
Abstraction Games (PC)","Majesco Entertainment
Midnight City (PC)

JP Arc System Works",No data,"Single-player, co-op"
Drawn to Life,"5th Cell
WayForward Technologies (iOS)[1]","NA/AUS/EU THQ


JP Agatsuma

505 Games (iOS)[2]",No data,"Single-player, multiplayer"
Nidhogg,Messhof,Messhof,No data,"Single-player, local multiplayer, online multiplayer"
"Pokémon Omega Ruby
Pokémon Alpha Sapphire",Game Freak,"Nintendo,
The Pokémon Company",No data,No data
Far Cry,Crytek,Ubisoft,No data,"Single-player, multiplayer"
BloodRayne: Betrayal,"WayForward Technologies (PS3, X360)
Abstraction Games (PC)","Majesco (US)
Arc System Works (JP)",No data,Single-player
Raven's Cry,Reality Pump Studios,TopWare Interactive,No data,Single-player
Lightning Returns: Final Fantasy XIII,"Square Enix 1st Production Department[1]
tri-Ace",Square Enix[1],No data,Single-player
Eternal Darkness: Sanity's Requiem,Silicon Knights,Nintendo,No data,Single-player
Shadow of the Eternals,Silicon Knights,Nintendo,No data,Single-player
Journey,Thatgamecompany,Sony Computer Entertainment,No data,"Single-player, co-op"
Fantasy Life,"Level-5
1-UP Studio","JP Level-5
NA Nintendo
PAL Nintendo",No data,No data
"Dreamfall Chapters:
The Longest Journey","Red Thread Games
Blink Studios",Red Thread Games,No data,Single-player
Lords of the Fallen,"Deck13 Interactive
CI Games","NA Bandai Namco Games
EU Square Enix",No data,Single-player
Adventure Time: The Secret of the Nameless Kingdom,WayForward Technologies,Little Orbit,No data,No data
OlliOlli,Roll7,Roll7,No data,Single-player
The Crew,"Ivory Tower
Ubisoft Reflections

Additional work by:

Asobo Studio (Xbox 360)",Ubisoft,No data,"Single-player, multiplayer"
Dust: An Elysian Tail,Humble Hearts,Microsoft Studios,No data,Single-player
Toukiden: The Age of Demons,Omega Force,Tecmo Koei,No data,"Single-player, Multi-player"
Homefront: The Revolution,Deep Silver Dambuster,Deep Silver,No data,"Single-player, multiplayer"
Professor Layton and the Azran Legacy,Level-5,"JP Level-5


NA / PAL Nintendo",No data,Single-player
Xenonauts,Goldhawk Interactive,No data,No data,Single-player
Pokémon Art Academy,Headstrong Games,Nintendo,No data,Single-player
Bayonetta 2,Platinum Games,Nintendo,No data,"Single-player, multiplayer"
NES Remix,"Nintendo EAD Tokyo
indieszero",Nintendo,No data,One- and two-player
Moon,Renegade Kid,"NA Mastiff[1]
EU Gamebridge",No data,Single-player
Magus,"Black Tower, Aksys Games",Aksys Games,No data,Single-player
Assassin's Creed Unity,Ubisoft Montreal,Ubisoft,No data,"Single-player, multiplayer"
Final Fantasy III,"Original version
Square
3D remake
Square Enix
Matrix Software[1]","Original version
Square
3D remake
Square Enix",No data,"Single-player
Multiplayer (remake only)"
Lifeless Planet,Stage 2 Studios,"Stage 2 Studios, Lace Mamba Global, KISS",No data,Single-player
The Legend of Heroes: Trails in the Sky,Nihon Falcom,"Nihon Falcom
Xseed Games (PSP)
Ghostlight (PSP)",No data,Single-player
Kingdom Under Fire II,"Blueside
Phantagram",No data,No data,Multiplayer
FIFA 15,EA Canada,EA Sports,No data,"Single-player, multiplayer"
Metal Gear Rising: Revengeance,"Platinum Games[1]
TransGaming (Mac)",Konami,No data,Single-player
Batman: Arkham Origins Blackgate,Armature Studio,Warner Bros. Interactive Entertainment,No data,Single-player
Pokémon Battle Trozei!,Genius Sonority,Nintendo,No data,"Single-player, multiplayer"
Dead Rising 3,Capcom Vancouver[1],"Microsoft Studios[1]
Capcom (PC/Xbox One Japan)",No data,"Single-player, multiplayer (online co-op)"
The Last Tinker: City of Colors,"Mimimi Productions
Loot Entertainment (PS4)",Unity Games,No data,Single-player
CounterSpy,Dynamighty,Sony Computer Entertainment,No data,Single-player
Dynasty Warriors: Gundam,"Koei
Omega Force",Bandai Namco Games,No data,1-2 players
Table Top Racing,Playrise Digital,Playrise Digital,No data,"Single-player, online multiplayer"
Ghost Blade,Hucast Games,Hucast Games,No data,Single-player
Dragon Age: Inquisition,BioWare,Electronic Arts,No data,"Single-player, multiplayer"
Helldivers,Arrowhead Game Studios,Sony Computer Entertainment,No data,"Single-player, Four player co-op"
F1 Race Stars,Codemasters Birmingham [1],Codemasters,No data,"Single-player, multiplayer[3]"
Shape Up,"Ubisoft Montreal

Additional work by:

Ubisoft Barcelona",Ubisoft,No data,"Single-player, multiplayer"
Monster Monpiece,Compile Heart,Idea Factory,No data,"Single-player, Online multiplayer"
Warframe,Digital Extremes[1],"Digital Extremes

SEA IAHGames (PC)",No data,"Single-player, multiplayer"
Fairy Fencer F,Compile Heart,"JP Idea Factory, Compile Heart
NA NIS America
EU NIS America",No data,Single player
Divinity: Original Sin,Larian Studios,Larian Studios,No data,"Single-player, multiplayer"
Pure Chess,VooFoo Studios,Ripstone,No data,"Single-player, Online"
Street Fighter IV,"Dimps
Capcom",Capcom,No data,"Single-player, competitive multiplayer"
God Eater 2,Shift,Namco Bandai Games,No data,No data
Wargame: Red Dragon,Eugen Systems,Focus Home Interactive,No data,Single player and Multiplayer
MX vs. ATV: Supercross,Rainbow Studios,Nordic Games GmbH,No data,"Single-player, multiplayer"
The Vanishing of Ethan Carter,The Astronauts,The Astronauts,No data,Single-player
Botanicula,Amanita Design,"Amanita Design, Daedalic Entertainment[1]",No data,Single-player
LittleBigPlanet 3,"Sumo Digital
XDev Europe[1]",Sony Computer Entertainment,No data,"Single-player, multiplayer"
Hohokum,"Honeyslug
Sony Santa Monica",Sony,No data,Single-player
Don't Starve (video game),Klei Entertainment,No data,No data,Single-player
EA Sports UFC,"EA Canada
SkyBox Labs",EA Sports,No data,No data
Total War: Shogun 2,"The Creative Assembly
Feral Interactive (OS X)[1]","Sega
Feral Interactive (OS X)",No data,"Single-player, multiplayer"
DUX,"HUCAST.Net
KonTechs Ltd",HUCAST.Net,No data,Single-player
Pier Solar and the Great Architects,WaterMelon,WaterMelon,No data,Single-player
Teslagrad,Rain Games,Rain Games,No data,Single Player
Soulcalibur: Lost Swords,Project Soul,Bandai Namco Games,No data,Single-player
Age of Empires: Castle Siege,Smoking Gun Interactive,Microsoft Studios,No data,Multiplayer
Sonic Jump Fever,Hardlight,Sega,No data,No data
Record of Agarest War Zero,"Idea Factory
Laughing Jackal (PC)","JP Compile Heart, Red Entertainment


NA Aksys Games


EU Ghostlight",No data,Single-player
Firefall,Red 5 Studios,"Red 5 Studios
Garena",No data,Multiplayer
Joe Danger,Hello Games,Hello Games[1],No data,"Single-player, multiplayer"
Dustforce,"Hitbox Team
QLOC (PSN/XBLA)",No data,No data,"Single-player, multiplayer"
My Singing Monsters,Big Blue Bubble Inc.,No data,No data,No data
"Naruto Shippuden:
Ultimate Ninja Storm Revolution",CyberConnect2,Bandai Namco Games,No data,"Single-player, multiplayer"
Strike Suit Zero,Born Ready Games,Born Ready Games,No data,Single-player
Costume Quest,Double Fine Productions,"THQ (2011-2013)
Nordic Games (2013-present)
Double Fine Productions (2013-present)[1]",No data,Single-player
Mini Metro,Dinosaur Polo Club,No data,No data,Single-player
Massive Chalice,Double Fine Productions,Double Fine Productions,No data,Single-player
The World Ends with You,"Square Enix
Jupiter
(Nintendo DS version)
Square Enix 1st Production Department
h.a.n.d.
(iOS version)","Square Enix
Ubisoft (Australia)",No data,"Single-player, multiplayer"
Final Fantasy X,"Square Enix
Virtuos[1]",Square Enix,No data,Single-player
Sonic & All-Stars Racing Transformed,Sumo Digital,Sega,No data,"Single-player, multiplayer"
Marvel Heroes,"Gazillion Entertainment
Secret Identity Studios",No data,No data,Multiplayer
Middle-earth: Shadow of Mordor,"Monolith Productions[1]
Behaviour Interactive (PS3/X360)",Warner Bros. Interactive Entertainment[1],No data,Single-player
Kinect Sports Rivals,Rare,Microsoft Studios,No data,"Single-player, multiplayer"
Hotline Miami,"Dennaton Games
Abstraction Games
(PS3, PS4, PSVita)",Devolver Digital,No data,Single-player
The Swapper,"Facepalm Games, Curve Studios (PlayStation/Nintendo versions)",Facepalm Games,No data,Single-player
Game of Thrones,Telltale Games,Telltale Games,No data,Single-player
Anomaly: Warzone Earth,11 bit studios,No data,No data,No data
Murasaki Baby,Ovosonico,Sony Computer Entertainment,No data,No data
XCOM: Enemy Within,"Firaxis Games
Feral Interactive (OS X, Linux)","2K Games
Feral Interactive (OS X, Linux)",No data,"Single-player, multiplayer"
Metal Gear Solid V: Ground Zeroes,Kojima Productions,Konami,No data,Single-player
Tom Clancy's Ghost Recon Phantoms,Ubisoft Singapore[1],Ubisoft[2],No data,Multiplayer
Thief,"Eidos Montreal
Nixxes Software BV (PC)[1]",Square Enix,No data,Single-player
Sleeping Dogs,"United Front Games
Square Enix London","Square Enix
Bandai Namco Games (Australia, New Zealand)[1]",No data,Single-player
Way of the Samurai 4,"Acquire
Laughing Jackal (PC)","JP Spike
NA XSEED Games
EU NIS America
WW Ghostlight (PC)",No data,Single-player
Rambo: The Video Game,Teyon,Reef Entertainment Ltd,No data,"Single-player, multiplayer"
Madden NFL 15,EA Tiburon,EA Sports,No data,No data
Velocity,"FuturLab
Curve Studios (PC)",FuturLab,No data,Single-player
Another World,"Delphine Software
Interplay Entertainment
(console versions)","Delphine Software
U.S. Gold
Interplay Entertainment
Virgin Interactive
The Digital Lounge
(15th Anniversary)
Focus Home Interactive
(20th Anniversary)",No data,Single-player
Stealth Bastard Deluxe,Curve Studios,No data,No data,Single-player
Mugen Souls,Compile Heart,"JP Compile Heart
NA NIS America",No data,Single-player
Metrico,Digital Dreams,Digital Dreams,No data,Single-player
Shantae and the Pirate's Curse,"WayForward Technologies
Inti Creates",No data,No data,Single-player
Defense Grid: The Awakening,Hidden Path Entertainment,"Hidden Path Entertainment (Win)
Microsoft Studios (XBLA)
Virtual Programming (OS X)",No data,Single-player
Destiny of Spirits,"SCE Japan Studio, Q Entertainment",Sony Computer Entertainment,No data,No data
The Lego Movie Videogame,"TT Fusion
TT Games",Warner Bros. Interactive Entertainment,No data,"Single-player, multiplayer"
Sword Art Online: Infinity Moment,Bandai Namco Games,Bandai Namco Games,No data,Single-player
Grid 2,"Codemasters Southam
Feral Interactive (Mac OS X)[1]","Codemasters
Feral Interactive (Mac OS X)",No data,"Single-player, multiplayer"
XCOM: Enemy Unknown,"Firaxis Games
Feral Interactive (OS X, Linux)","2K Games
Feral Interactive (OS X, Linux)",No data,"Single-player, multiplayer[6]"
Second Chance Heroes,Rocket City Studios,No data,No data,"Single-player, multiplayer"
Frozen Synapse,Mode 7,Mode 7,No data,"Single-player, multiplayer"
Neverending Nightmares,Infinitap Games,Infinitap Games,No data,Single-player
BioShock,"2K Boston and 2K Australia

Additional work by:

2K Marin (PS3)
Digital Extremes (PS3)[1][2]
Feral Interactive (OS X)[3]","2K Games
Feral Interactive (OS X)",No data,Single-player
Destiny,Bungie,"INT Activision
JP Sony Computer Entertainment
CIS ND Games",No data,"Single-player
Multiplayer"
Dragon Fin Soup,Grimm Bros.,No data,No data,Single-player
Blade Symphony,Puny Human,Puny Human Games,No data,Multi-player
Risen 3: Titan Lords,Piranha Bytes,Deep Silver,No data,Single-player
Fantasia: Music Evolved,Harmonix,Disney Interactive Studios,No data,"Single-player, multiplayer"
Outlast,Red Barrels,Red Barrels,No data,Single-player
Carmageddon: Reincarnation,Stainless Games,No data,No data,"Single-player, multiplayer"
Ar nosurge: Ode to an Unborn Star,Gust Co. Ltd.,Tecmo Koei,No data,No data
Killing Floor 2,Tripwire Interactive,No data,No data,"Single-player, multiplayer"
BattleBlock Theater,"The Behemoth
Big Timber Studio","Microsoft Studios
The Behemoth (Steam)",No data,"Single-player, Co-operative and competitive multiplayer (1-4 players, local and online)"
Shantae: Half-Genie Hero,"WayForward Technologies
Inti Creates",No data,No data,Single-player
World of Warships,"Lesta Studio
Wargaming",No data,No data,No data
Secret of Mana,"Square (SNES)
Square Enix (iOS)","Square (SNES)
Square Enix (iOS)",No data,"Single-player, multiplayer"
Half-Minute Hero: The Second Coming,Opus,"JP Marvelous AQL
NA Marvelous USA",No data,"Single-player, multiplayer"
MLB 14: The Show,SCE San Diego Studio,Sony Computer Entertainment,No data,"Single-player
Online multiplayer"
Deep Down,"Capcom Online Games
SCE Japan Studio",Capcom,No data,"Single-player
Multiplayer"
Fenix Rage,Green Lava Studios,Reverb Triple XP,No data,Single-player
The Elder Scrolls Online,ZeniMax Online Studios[1],Bethesda Softworks[2],No data,Multiplayer
Hatsune Miku: Project DIVA F 2nd,"Sega
Crypton Future Media",Sega,No data,Single-player
Crimsonland,10tons Entertainment,Reflexive Entertainment,No data,No data
Dead Nation,"Housemarque
Climax Studios (PS4 and PS Vita)",Sony Computer Entertainment,No data,"Single-player, multiplayer (co-op)"
Dark Souls II,From Software,"JP From Software
WW Bandai Namco Games",No data,"Single-player, multiplayer"
The Binding of Isaac: Rebirth,Nicalis,No data,No data,"Single-player, Co-Op"
Rogue Legacy,Cellar Door Games,No data,No data,No data
Atelier Rorona: The Alchemist of Arland,Gust,"JP Gust
NA NIS America
EU NIS Europe
AUS NIS America",No data,Single-player
World of Warcraft: Warlords of Draenor,Blizzard Entertainment,Blizzard Entertainment,No data,Online
Metro: Last Light,4A Games,"WW Deep Silver


JP Spike Chunsoft",No data,Single-player
MIND≒0,"Acquire, ZeroDiv","JP GungHo Online Entertainment


NA/EU Aksys Games",No data,Single-player
Vessel,Strange Loop Games,"Zoo Games
indiePub Games",No data,Single-player
Oddworld: New 'n' Tasty!,Just Add Water,Oddworld Inhabitants,No data,Single-player
Broken Age,Double Fine Productions,Double Fine Productions,No data,Single-player
Endless Legend,Amplitude Studios,Iceberg Interactive,No data,Single player and Multi-player
Pushmo World,"Intelligent Systems
Nintendo SPD",Nintendo,No data,Single-player
Freedom Wars,"SCE Japan Studio
Shift[1]
Dimps[1]",Sony Computer Entertainment,No data,"Single-player, multiplayer"
Mario Kart 8,Nintendo EAD Group No. 1,Nintendo,No data,"Single-player, multiplayer"
Freedom Planet,GalaxyTrail,GalaxyTrail,No data,Single-player
Chivalry: Medieval Warfare,Torn Banner Studios,No data,No data,Multiplayer
Payday 2,"Overkill Software
Starbreeze Studios",505 Games,No data,"Single-player, co-op"
Titanfall,Respawn Entertainment,Electronic Arts,No data,Online multiplayer
Digimon All-Star Rumble,Prope,Bandai Namco Games,No data,No data
Resident Evil 4,"Capcom Production

Studio 4

Nintendo GameCube
Capcom Production Studio 4
PlayStation 2/Wii
Capcom
Microsoft Windows
Sourcenext
QLOC (Ultimate HD Edition)","Capcom

Nintendo GameCube

JP/NA Capcom


EU Nintendo of Europe
AUS Nintendo Australia

PlayStation 2
Capcom
Microsoft Windows

JP Capcom


NA/PAL Ubisoft

Wii

JP/NA/EU Capcom


AUS Nintendo Australia


AUS Red Ant Enterprises


AUS THQ Asia Pacific",No data,Single-player
Phantom Breaker,"5pb., Delta Factory, R.U.N","5pb., 7Sixty",No data,No data
